path,label
542.jpg,Amoeba
311.jpg,Hydra
764.jpg,Euglena
517.jpg,Rod_bacteria
246.jpg,Hydra
663.jpg,Spherical_bacteria
496.jpg,Yeast
687.jpg,Rod_bacteria
155.jpg,Euglena
234.jpg,Euglena
422.jpg,Paramecium
738.jpg,Rod_bacteria
623.jpg,Rod_bacteria
286.jpg,Rod_bacteria
655.jpg,Hydra
482.jpg,Rod_bacteria
715.jpg,Rod_bacteria
601.jpg,Yeast
430.jpg,Amoeba
434.jpg,Paramecium
555.jpg,Spherical_bacteria
20.jpg,Euglena
638.jpg,Rod_bacteria
415.jpg,Paramecium
356.jpg,Hydra
600.jpg,Spherical_bacteria
61.jpg,Amoeba
598.jpg,Rod_bacteria
582.jpg,Paramecium
685.jpg,Amoeba
550.jpg,Euglena
645.jpg,Paramecium
374.jpg,Paramecium
682.jpg,Paramecium
118.jpg,Euglena
82.jpg,Amoeba
615.jpg,Hydra
428.jpg,Paramecium
633.jpg,Rod_bacteria
85.jpg,Paramecium
135.jpg,Paramecium
725.jpg,Spherical_bacteria
785.jpg,Yeast
751.jpg,Rod_bacteria
217.jpg,Amoeba
602.jpg,Rod_bacteria
510.jpg,Euglena
243.jpg,Euglena
644.jpg,Euglena
121.jpg,Euglena
219.jpg,Spherical_bacteria
324.jpg,Paramecium
312.jpg,Paramecium
395.jpg,Paramecium
48.jpg,Euglena
468.jpg,Rod_bacteria
524.jpg,Euglena
149.jpg,Paramecium
9.jpg,Amoeba
86.jpg,Spherical_bacteria
771.jpg,Spiral_bacteria
186.jpg,Euglena
239.jpg,Euglena
102.jpg,Paramecium
604.jpg,Amoeba
474.jpg,Rod_bacteria
60.jpg,Euglena
371.jpg,Rod_bacteria
483.jpg,Rod_bacteria
17.jpg,Hydra
315.jpg,Hydra
365.jpg,Euglena
692.jpg,Rod_bacteria
460.jpg,Paramecium
718.jpg,Paramecium
57.jpg,Paramecium
480.jpg,Amoeba
564.jpg,Paramecium
263.jpg,Euglena
499.jpg,Spiral_bacteria
24.jpg,Paramecium
249.jpg,Euglena
70.jpg,Amoeba
551.jpg,Yeast
403.jpg,Paramecium
704.jpg,Hydra
578.jpg,Spherical_bacteria
528.jpg,Spiral_bacteria
765.jpg,Yeast
503.jpg,Euglena
330.jpg,Paramecium
433.jpg,Euglena
404.jpg,Paramecium
91.jpg,Euglena
699.jpg,Rod_bacteria
300.jpg,Spiral_bacteria
624.jpg,Amoeba
51.jpg,Paramecium
195.jpg,Euglena
648.jpg,Paramecium
529.jpg,Rod_bacteria
519.jpg,Paramecium
647.jpg,Yeast
50.jpg,Euglena
614.jpg,Euglena
342.jpg,Paramecium
703.jpg,Spherical_bacteria
429.jpg,Spiral_bacteria
224.jpg,Euglena
299.jpg,Euglena
561.jpg,Euglena
579.jpg,Amoeba
487.jpg,Spiral_bacteria
62.jpg,Paramecium
112.jpg,Spherical_bacteria
652.jpg,Spiral_bacteria
287.jpg,Paramecium
242.jpg,Hydra
556.jpg,Spiral_bacteria
4.jpg,Euglena
724.jpg,Yeast
188.jpg,Yeast
774.jpg,Yeast
784.jpg,Yeast
66.jpg,Spherical_bacteria
606.jpg,Spiral_bacteria
389.jpg,Euglena
190.jpg,Spherical_bacteria
105.jpg,Euglena
136.jpg,Euglena
58.jpg,Euglena
350.jpg,Paramecium
475.jpg,Hydra
511.jpg,Paramecium
409.jpg,Euglena
437.jpg,Euglena
416.jpg,Paramecium
354.jpg,Spherical_bacteria
208.jpg,Euglena
775.jpg,Yeast
36.jpg,Euglena
427.jpg,Paramecium
532.jpg,Paramecium
42.jpg,Paramecium
182.jpg,Euglena
176.jpg,Euglena
731.jpg,Euglena
781.jpg,Rod_bacteria
109.jpg,Euglena
787.jpg,Paramecium
397.jpg,Paramecium
1.jpg,Paramecium
660.jpg,Spiral_bacteria
75.jpg,Euglena
609.jpg,Rod_bacteria
67.jpg,Paramecium
588.jpg,Paramecium
464.jpg,Paramecium
295.jpg,Hydra
364.jpg,Euglena
557.jpg,Spherical_bacteria
206.jpg,Spherical_bacteria
583.jpg,Paramecium
160.jpg,Paramecium
539.jpg,Paramecium
162.jpg,Hydra
347.jpg,Spherical_bacteria
340.jpg,Amoeba
762.jpg,Rod_bacteria
14.jpg,Amoeba
505.jpg,Rod_bacteria
203.jpg,Euglena
351.jpg,Rod_bacteria
777.jpg,Euglena
93.jpg,Euglena
126.jpg,Euglena
115.jpg,Euglena
688.jpg,Euglena
274.jpg,Spherical_bacteria
719.jpg,Euglena
310.jpg,Euglena
776.jpg,Paramecium
369.jpg,Paramecium
269.jpg,Hydra
443.jpg,Paramecium
133.jpg,Euglena
321.jpg,Spiral_bacteria
701.jpg,Spherical_bacteria
413.jpg,Amoeba
306.jpg,Euglena
258.jpg,Hydra
308.jpg,Hydra
41.jpg,Euglena
508.jpg,Paramecium
618.jpg,Paramecium
449.jpg,Paramecium
69.jpg,Euglena
77.jpg,Spiral_bacteria
181.jpg,Euglena
122.jpg,Paramecium
202.jpg,Euglena
140.jpg,Euglena
722.jpg,Hydra
290.jpg,Hydra
119.jpg,Euglena
448.jpg,Paramecium
196.jpg,Paramecium
727.jpg,Spherical_bacteria
749.jpg,Spherical_bacteria
502.jpg,Rod_bacteria
35.jpg,Spiral_bacteria
658.jpg,Euglena
225.jpg,Yeast
256.jpg,Amoeba
782.jpg,Spherical_bacteria
161.jpg,Paramecium
734.jpg,Rod_bacteria
390.jpg,Paramecium
15.jpg,Paramecium
547.jpg,Paramecium
120.jpg,Euglena
83.jpg,Paramecium
778.jpg,Paramecium
393.jpg,Amoeba
248.jpg,Hydra
108.jpg,Euglena
18.jpg,Amoeba
336.jpg,Paramecium
173.jpg,Hydra
373.jpg,Paramecium
319.jpg,Rod_bacteria
104.jpg,Amoeba
572.jpg,Spherical_bacteria
766.jpg,Spherical_bacteria
702.jpg,Euglena
400.jpg,Amoeba
456.jpg,Paramecium
